LabelValue,Mean,Median,Min,Max,Variance,Count,Session,Subject,Acquisition,Quant,Segmentation,Run,Reconstruction,Concentration,ADC
1,0.5878396694439489,0.5607854120621751,0.4797852218788624,0.8672279117149885,0.0102929806879124,48,20240708,P0009,full,R1,T1mimics_fix,1,CGv1,0.29,
2,0.6910236178901906,0.6710573432343051,0.5304453767808359,0.8980094496119184,0.0072890932640985,48,20240708,P0009,full,R1,T1mimics_fix,1,CGv1,0.6,
3,1.0362325924700595,0.9844477217871666,0.8647017191143572,1.6844031218634958,0.0303079378977153,47,20240708,P0009,full,R1,T1mimics_fix,1,CGv1,1.04,
4,1.4625902684298977,1.432743499864201,1.251859241108627,1.869486620422438,0.0207259171637688,48,20240708,P0009,full,R1,T1mimics_fix,1,CGv1,1.64,
5,2.0658211700395777,2.0178194119978907,1.7795842931035288,3.0030822500470093,0.0554719429093392,53,20240708,P0009,full,R1,T1mimics_fix,1,CGv1,2.52,
6,2.856794173152275,2.8228240142389507,2.548664285138647,3.3418106177658857,0.0338600052636475,59,20240708,P0009,full,R1,T1mimics_fix,1,CGv1,3.68,
7,3.7625824410754936,3.7542342735213294,3.6412322299053583,3.906537235908432,0.0054555259830362,36,20240708,P0009,full,R1,T1mimics_fix,1,CGv1,5.43,
8,4.94589098862761,4.944975278176103,4.7782020868373,5.103661290632916,0.0055569444152552,40,20240708,P0009,full,R1,T1mimics_fix,1,CGv1,7.74,
9,7.605760510528999,7.6187400909703324,7.329312536853327,7.7804527973236,0.0122445210088136,44,20240708,P0009,full,R1,T1mimics_fix,1,CGv1,11.3,
10,11.18967846202353,11.244765884233754,9.919005097044868,11.649976763883384,0.0996246923880474,39,20240708,P0009,full,R1,T1mimics_fix,1,CGv1,16.5,
11,15.197529183990344,15.414016160841252,13.43396143320835,16.463463543519378,0.5206157588128353,40,20240708,P0009,full,R1,T1mimics_fix,1,CGv1,23.3,
12,21.223227379540894,21.396578067785512,18.206804009498573,24.07959785565596,1.7223519291731602,37,20240708,P0009,full,R1,T1mimics_fix,1,CGv1,32.7,
13,31.853126677698295,32.0562697999391,25.486726577881907,37.58121976810662,10.69115542111579,38,20240708,P0009,full,R1,T1mimics_fix,1,CGv1,46.0,
14,247.17525446572105,43.73094893158295,29.99379040707617,999.999952502551,143277.14520662502,38,20240708,P0009,full,R1,T1mimics_fix,1,CGv1,65.3,
1,0.6929824469303401,0.6727816816462291,0.4879321737350048,1.0887066808754136,0.0195216945150884,53,20240708,P0009,full,R1,T2mimics_fix,1,CGv1,0.0113,
2,0.6541471886702861,0.6374381282258088,0.436708100952015,1.0502375414303893,0.0139475157072981,43,20240708,P0009,full,R1,T2mimics_fix,1,CGv1,0.0181,
3,1.0071912323040888,0.9710296903105136,0.7747693247203602,1.5742314660018892,0.0305005998012861,63,20240708,P0009,full,R1,T2mimics_fix,1,CGv1,0.0282,
4,1.2960549246291455,1.246341187648042,1.1066380476087672,1.808622264126169,0.021499046015528,50,20240708,P0009,full,R1,T2mimics_fix,1,CGv1,0.0434,
5,1.7733092499977798,1.765965296497198,1.5792629266188272,2.328307697922862,0.0175617155672372,45,20240708,P0009,full,R1,T2mimics_fix,1,CGv1,0.0673,
6,2.20526135318932,2.1805318586263605,2.0003380154534467,2.639671260766254,0.0234827719826319,51,20240708,P0009,full,R1,T2mimics_fix,1,CGv1,0.0934,
7,2.832564410910807,2.80022984186383,2.5096347897888185,3.417494302297383,0.0367610004300725,46,20240708,P0009,full,R1,T2mimics_fix,1,CGv1,0.1353,
8,3.9111890671855463,3.8951213281824746,3.6910906859846735,4.235252806462584,0.0179548029572734,38,20240708,P0009,full,R1,T2mimics_fix,1,CGv1,0.193,
9,5.7052264223324745,5.648050396510622,5.51372992108931,6.215547077430116,0.0268144765506071,43,20240708,P0009,full,R1,T2mimics_fix,1,CGv1,0.2768,
10,8.627899918068348,8.603776659622422,8.01731559219857,9.120432036647609,0.070410259521267,40,20240708,P0009,full,R1,T2mimics_fix,1,CGv1,0.4276,
11,11.462815509601874,11.460605622650371,10.399969997492558,12.519280409951346,0.2053698413461037,36,20240708,P0009,full,R1,T2mimics_fix,1,CGv1,0.5555,
12,17.08135746178087,17.093844207897625,12.96524199538278,21.084653993824205,2.574563845675221,41,20240708,P0009,full,R1,T2mimics_fix,1,CGv1,0.7902,
13,22.18461579379226,22.469336503847995,17.22685411936967,26.01680944622724,4.348528415895966,37,20240708,P0009,full,R1,T2mimics_fix,1,CGv1,1.1274,
14,53.900532157989865,29.484926174949273,18.510331386327582,999.999952502551,22421.928795492266,41,20240708,P0009,full,R1,T2mimics_fix,1,CGv1,1.5996,
1,0.4241354623140998,0.4083540236944044,0.2651691323269395,0.7421735473766669,0.0130479332441263,36,20240708,P0009,full,R1,ADC_fix,1,CGv1,0.0,2067.0
2,2.934229580080325,2.8906810448560005,2.6604747769163453,3.446331933550761,0.0376728015267919,40,20240708,P0009,full,R1,ADC_fix,1,CGv1,50.0,315.0
3,1.209673932483068,1.155567119327428,1.0901454253598206,1.6499206028343023,0.0173328213620933,44,20240708,P0009,full,R1,ADC_fix,1,CGv1,0.0,2067.0
4,0.4058473254125812,0.3705169140190073,0.309910460544992,0.6247241150755528,0.0070435486630504,44,20240708,P0009,full,R1,ADC_fix,1,CGv1,0.0,2067.0
5,0.531134028896844,0.5325212723816644,0.433523422780077,0.6552042866062612,0.0030479466577362,36,20240708,P0009,full,R1,ADC_fix,1,CGv1,10.0,1591.0
6,0.6993841410592831,0.6862408283153589,0.5691820182458875,0.9960563160865092,0.0061772690255683,38,20240708,P0009,full,R1,ADC_fix,1,CGv1,20.0,1211.0
7,0.9445173400704382,0.9365674956061276,0.7708139602410852,1.1307964959172685,0.0073241879559576,36,20240708,P0009,full,R1,ADC_fix,1,CGv1,30.0,876.0
8,1.6443594515211064,1.6247992877748632,1.345301392706198,2.016153414597318,0.0331340636090645,36,20240708,P0009,full,R1,ADC_fix,1,CGv1,40.0,527.0
9,1.685396086142695,1.635829996617257,1.3800719582645684,2.3379340771557087,0.0466081669824961,48,20240708,P0009,full,R1,ADC_fix,1,CGv1,40.0,527.0
10,2.888908623493694,2.8593858386413906,2.6319515621726426,3.525156575597267,0.0321884137392851,40,20240708,P0009,full,R1,ADC_fix,1,CGv1,50.0,315.0
11,0.3639389144696682,0.3621775143052036,0.2940345663966965,0.4761824425389697,0.0021252047877962,36,20240708,P0009,full,R1,ADC_fix,1,CGv1,0.0,2067.0
12,0.497266152937065,0.4986324335845929,0.4079571358971688,0.6055232159239042,0.002856294665755,38,20240708,P0009,full,R1,ADC_fix,1,CGv1,10.0,1591.0
13,0.6797001025885743,0.6720859116642669,0.5247012021967299,0.8642857532902657,0.0048485133381869,46,20240708,P0009,full,R1,ADC_fix,1,CGv1,20.0,1211.0
14,0.9745114613876548,0.9440412503070894,0.8418801188582733,1.2565156805176445,0.0108646242115845,41,20240708,P0009,full,R1,ADC_fix,1,CGv1,30.0,876.0
1,1.2117587457617998,1.1657287657037725,0.6093973031250174,2.58120080636305,0.1310290068267061,47,20240708,P0009,full,R2,T1mimics_fix,1,online,0.29,
2,1.127795894026962,1.0723494171437815,0.4398859364612774,2.301763345932901,0.0938481329732809,45,20240708,P0009,full,R2,T1mimics_fix,1,online,0.6,
3,1.3009479515866738,1.304574871792559,0.6685757695556549,1.9070669106863696,0.0819561578609709,43,20240708,P0009,full,R2,T1mimics_fix,1,online,1.04,
4,1.934984090008824,1.9248429546047017,1.0934355089159415,2.823129317381701,0.1073590807696564,54,20240708,P0009,full,R2,T1mimics_fix,1,online,1.64,
5,2.4034599085580703,2.37746368207869,1.7206725399156246,3.1285801496653582,0.1065667835777127,47,20240708,P0009,full,R2,T1mimics_fix,1,online,2.52,
6,2.964128587977906,2.9987972033478947,2.5182583961055585,3.3613370570510983,0.0380368344148866,51,20240708,P0009,full,R2,T1mimics_fix,1,online,3.68,
7,4.007196675547899,3.9706010344362617,3.668366892899724,4.544739022912703,0.0397577514712909,49,20240708,P0009,full,R2,T1mimics_fix,1,online,5.43,
8,5.2361055079450285,5.217190537813041,4.753950190428618,5.974359924231834,0.0757616185100393,58,20240708,P0009,full,R2,T1mimics_fix,1,online,7.74,
9,7.3398543679791555,7.376505620735223,6.397323458690724,8.03219500924502,0.1207808247189969,46,20240708,P0009,full,R2,T1mimics_fix,1,online,11.3,
10,10.672312420190512,10.710181009912972,9.388279880935738,12.682413172492137,0.674168375811285,54,20240708,P0009,full,R2,T1mimics_fix,1,online,16.5,
11,14.171438774830994,13.901875977539458,11.474564298921456,18.072438770801295,2.281005483961405,54,20240708,P0009,full,R2,T1mimics_fix,1,online,23.3,
12,19.62406005575021,19.023619758738207,13.63957643079343,36.14487754160259,15.346096475296624,59,20240708,P0009,full,R2,T1mimics_fix,1,online,32.7,
13,31.387164273514298,31.43032829704573,19.023619758738207,51.63553934514656,44.34705354887228,63,20240708,P0009,full,R2,T1mimics_fix,1,online,46.0,
14,34.46119045552926,32.85897958327508,9.902706175781532,80.3219500924502,151.33136776951727,55,20240708,P0009,full,R2,T1mimics_fix,1,online,65.3,
1,1.7781199893488868,1.7671141965090826,0.9846225260332706,2.6281210664196384,0.174978976287556,58,20240708,P0009,full,R2,T2mimics_fix,1,online,0.0113,
2,1.4615994263449712,1.4483296786016566,0.8345739817672868,1.985641341341258,0.0668079400675442,53,20240708,P0009,full,R2,T2mimics_fix,1,online,0.0181,
3,2.0120266593851968,2.010527048609399,1.4170988499525643,2.5270615716217675,0.0460756561462468,50,20240708,P0009,full,R2,T2mimics_fix,1,online,0.0282,
4,2.8994447139333532,2.937861522304503,2.1383547445577427,3.5953872593449887,0.1135818256355087,49,20240708,P0009,full,R2,T2mimics_fix,1,online,0.0434,
5,3.764292493687063,3.725075946316531,3.3613370570510983,4.433254432086175,0.0605351655613103,44,20240708,P0009,full,R2,T2mimics_fix,1,online,0.0673,
6,4.380479307379783,4.406232690785839,3.9274569824491783,4.661975337893119,0.0316367557266519,49,20240708,P0009,full,R2,T2mimics_fix,1,online,0.0934,
7,5.51522424742261,5.476496597212513,4.817309793133207,6.178611545573093,0.0758174640874559,54,20240708,P0009,full,R2,T2mimics_fix,1,online,0.1353,
8,7.674885397671515,7.773091944430664,6.45444241814332,8.605923224191093,0.2644986879031896,53,20240708,P0009,full,R2,T2mimics_fix,1,online,0.193,
9,10.019223416970789,9.902706175781532,7.087230890510312,13.901875977539458,2.2384287618141605,47,20240708,P0009,full,R2,T2mimics_fix,1,online,0.2768,
10,13.31304856027635,13.386991682075037,6.693495841037517,21.261692671530938,11.072798902853192,43,20240708,P0009,full,R2,T2mimics_fix,1,online,0.4276,
11,20.455922791218757,19.537771644109508,11.121500782031566,42.523385343061875,33.20665421472881,48,20240708,P0009,full,R2,T2mimics_fix,1,online,0.5555,
12,28.182721704006912,28.915902033282073,4.275918969801415,45.18109692700324,58.0607359750746,45,20240708,P0009,full,R2,T2mimics_fix,1,online,0.7902,
13,38.52931280563724,36.14487754160259,2.1383547445577427,80.3219500924502,285.61902300909094,47,20240708,P0009,full,R2,T2mimics_fix,1,online,1.1274,
14,100079991719367.0,18.535834636719276,2.05917052044024,4503599627370496.0,4.407042086719331e+29,45,20240708,P0009,full,R2,T2mimics_fix,1,online,1.5996,
1,0.8888720290256444,1.0109781131560944,0.1764913529154319,1.6845850296115392,0.1311157508471526,44,20240708,P0009,full,R2,ADC_fix,1,online,0.0,2067.0
2,3.3207107017558566,3.299960289104944,2.6669035769686023,3.8644707027440126,0.0744612361663034,51,20240708,P0009,full,R2,ADC_fix,1,online,50.0,315.0
3,1.237710080165327,1.2429011114724138,0.8978002649470488,1.616768355229638,0.0350566010096721,54,20240708,P0009,full,R2,ADC_fix,1,online,0.0,2067.0
4,91910196476949.6,0.7520390645847094,0.2367293807346206,4503599627370496.0,4.054792423887047e+29,49,20240708,P0009,full,R2,ADC_fix,1,online,0.0,2067.0
5,0.7079513430173562,0.694927391368306,0.2054379285148191,1.0984198303241053,0.0704963043285842,34,20240708,P0009,full,R2,ADC_fix,1,online,10.0,1591.0
6,0.7525304182469644,0.7546853131535336,0.3723516985903753,1.200577207111566,0.0309259165636795,44,20240708,P0009,full,R2,ADC_fix,1,online,20.0,1211.0
7,1.0201794611536517,1.012905376157058,0.5641852013712906,1.4311260595536783,0.0381106757260265,48,20240708,P0009,full,R2,ADC_fix,1,online,30.0,876.0
8,1.9885745112733428,2.002277889497024,1.2591291980527792,3.169734396632729,0.2056869881250416,48,20240708,P0009,full,R2,ADC_fix,1,online,40.0,527.0
9,1.7198946062975378,1.7289029616312153,0.995469559627578,2.176992436159012,0.0740173421062178,41,20240708,P0009,full,R2,ADC_fix,1,online,40.0,527.0
10,3.016901212509006,2.9987972033478947,2.4751467608202073,3.49120459200508,0.0669787342737987,40,20240708,P0009,full,R2,ADC_fix,1,online,50.0,315.0
11,214457125112881.16,0.5328032737595225,0.1853642875302546,4503599627370496.0,9.198371702336356e+29,42,20240708,P0009,full,R2,ADC_fix,1,online,0.0,2067.0
12,195808679450891.7,0.6027951424832101,0.1904931126406144,4503599627370496.0,8.435028568626402e+29,46,20240708,P0009,full,R2,ADC_fix,1,online,10.0,1591.0
13,0.7519113481805868,0.778827973784175,0.3945005222999703,1.0868596892795366,0.0291490922412967,52,20240708,P0009,full,R2,ADC_fix,1,online,20.0,1211.0
14,1.03869690187088,1.036878942986165,0.6564336443423853,1.366213183712831,0.0297522248222501,44,20240708,P0009,full,R2,ADC_fix,1,online,30.0,876.0
1,1.7442252859473228,1.7832174897193909,1.1530994176864624,2.084265947341919,0.0642537067149478,48,20240708,P0009,full,T1,T1mimics_fix,1,CGv1,0.29,
2,1.4681678712368011,1.4902009963989258,1.1135740280151367,1.885208249092102,0.0296676354910513,48,20240708,P0009,full,T1,T1mimics_fix,1,CGv1,0.6,
3,0.9859678555042186,1.0157979726791382,0.5936821103096008,1.156468152999878,0.0162450791641587,47,20240708,P0009,full,T1,T1mimics_fix,1,CGv1,1.04,
4,0.689704205840826,0.6979649662971497,0.5349062085151672,0.7988118529319763,0.0037518730540155,48,20240708,P0009,full,T1,T1mimics_fix,1,CGv1,1.64,
5,0.4894837382829414,0.495584487915039,0.33299121260643,0.5619289875030518,0.0023178740075654,53,20240708,P0009,full,T1,T1mimics_fix,1,CGv1,2.52,
6,0.3514345404455217,0.3542551696300506,0.2992389798164367,0.3923623859882355,0.0004696008437113,59,20240708,P0009,full,T1,T1mimics_fix,1,CGv1,3.68,
7,0.265876688890987,0.2663666903972626,0.2559811770915985,0.2746323049068451,2.6890991393714984e-05,36,20240708,P0009,full,T1,T1mimics_fix,1,CGv1,5.43,
8,0.2022339165210724,0.2022254988551139,0.195937767624855,0.2092837393283844,9.269042587598531e-06,40,20240708,P0009,full,T1,T1mimics_fix,1,CGv1,7.74,
9,0.1315073987299745,0.1312552988529205,0.1285272240638733,0.1364384442567825,3.733639125067633e-06,44,20240708,P0009,full,T1,T1mimics_fix,1,CGv1,11.3,
10,0.0894429127757365,0.0889302641153335,0.0858370810747146,0.1008165627717971,7.063805780301902e-06,39,20240708,P0009,full,T1,T1mimics_fix,1,CGv1,16.5,
11,0.0659545408561825,0.0648760683834552,0.0607405602931976,0.0744382068514823,1.0604666204898882e-05,40,20240708,P0009,full,T1,T1mimics_fix,1,CGv1,23.3,
12,0.0473036549582674,0.0467364452779293,0.041528932750225,0.0549245215952396,9.048649771801049e-06,37,20240708,P0009,full,T1,T1mimics_fix,1,CGv1,32.7,
13,0.0317385888805514,0.0311953769996762,0.0266090352088212,0.0392361097037792,1.1410852997238984e-05,38,20240708,P0009,full,T1,T1mimics_fix,1,CGv1,46.0,
14,0.0190130648184812,0.0228691855445504,0.0010000000474974,0.0333402343094348,0.0001056300043473,38,20240708,P0009,full,T1,T1mimics_fix,1,CGv1,65.3,
1,1.4972355298276216,1.4863662719726562,0.9185210466384888,2.0494651794433594,0.0767143983666826,53,20240708,P0009,full,T1,T2mimics_fix,1,CGv1,0.0113,
2,1.5730237212291984,1.568779706954956,0.9521655440330504,2.2898590564727783,0.0649371658264557,43,20240708,P0009,full,T1,T2mimics_fix,1,CGv1,0.0181,
3,1.0190891036911616,1.0298346281051636,0.6352306008338928,1.290706753730774,0.0237996149161573,63,20240708,P0009,full,T1,T2mimics_fix,1,CGv1,0.0282,
4,0.7800707626342773,0.8023514747619629,0.5529070496559143,0.9036378264427184,0.0057534544322043,50,20240708,P0009,full,T1,T2mimics_fix,1,CGv1,0.0434,
5,0.5668102006117502,0.5662625432014465,0.4294964969158172,0.6332067847251892,0.0015281488472764,45,20240708,P0009,full,T1,T2mimics_fix,1,CGv1,0.0673,
6,0.4555276819303924,0.4586037099361419,0.3788350522518158,0.4999155104160309,0.0008910035591242,51,20240708,P0009,full,T1,T2mimics_fix,1,CGv1,0.0934,
7,0.3545634772466576,0.3571142554283142,0.2926120460033417,0.3984643518924713,0.0005132904803683,46,20240708,P0009,full,T1,T2mimics_fix,1,CGv1,0.1353,
8,0.2559713176206538,0.2567315548658371,0.2361134141683578,0.2709226310253143,7.405729547581828e-05,38,20240708,P0009,full,T1,T2mimics_fix,1,CGv1,0.193,
9,0.1754177756780801,0.1770522445440292,0.1608868837356567,0.181365430355072,2.3785763580560303e-05,43,20240708,P0009,full,T1,T2mimics_fix,1,CGv1,0.2768,
10,0.1160132037475705,0.1162281669676303,0.1096439287066459,0.1247300282120704,1.284460096315134e-05,40,20240708,P0009,full,T1,T2mimics_fix,1,CGv1,0.4276,
11,0.0873760011874967,0.0872555077075958,0.0798767954111099,0.096154123544693,1.211713931310141e-05,36,20240708,P0009,full,T1,T2mimics_fix,1,CGv1,0.5555,
12,0.05907581228672,0.0585005916655063,0.0474278591573238,0.0771292969584465,3.2825788537925804e-05,41,20240708,P0009,full,T1,T2mimics_fix,1,CGv1,0.7902,
13,0.0455007571223619,0.0445050969719886,0.0384366884827613,0.0580489039421081,2.065138171583725e-05,37,20240708,P0009,full,T1,T2mimics_fix,1,CGv1,1.1274,
14,0.0339836035713144,0.0339156351983547,0.0010000000474974,0.0540238842368125,9.122784657901956e-05,41,20240708,P0009,full,T1,T2mimics_fix,1,CGv1,1.5996,
1,2.5200906064775257,2.4492034912109375,1.3473937511444092,3.7711780071258545,0.3990292433016131,36,20240708,P0009,full,T1,ADC_fix,1,CGv1,0.0,2067.0
2,0.3422071881592273,0.3459455370903015,0.2901635766029358,0.3758727610111236,0.0004518869362009,40,20240708,P0009,full,T1,ADC_fix,1,CGv1,50.0,315.0
3,0.8349794650619681,0.8653771877288818,0.6060897707939148,0.9173088073730468,0.0059147133917479,44,20240708,P0009,full,T1,ADC_fix,1,CGv1,0.0,2067.0
4,2.5534655451774597,2.6989489793777466,1.6007065773010254,3.226738452911377,0.1930960047503334,44,20240708,P0009,full,T1,ADC_fix,1,CGv1,0.0,2067.0
5,1.902968151701821,1.878162503242493,1.5262415409088137,2.30668044090271,0.0383278131071237,36,20240708,P0009,full,T1,ADC_fix,1,CGv1,10.0,1591.0
6,1.4465187129221464,1.4572145342826843,1.00395929813385,1.7569072246551514,0.022846716489411,38,20240708,P0009,full,T1,ADC_fix,1,CGv1,20.0,1211.0
7,1.067199922270245,1.0677290558815002,0.8843324184417725,1.2973299026489258,0.0088341520357517,36,20240708,P0009,full,T1,ADC_fix,1,CGv1,30.0,876.0
8,0.6157227017813258,0.6154608726501465,0.4959940016269684,0.7433278560638428,0.0047609512268717,36,20240708,P0009,full,T1,ADC_fix,1,CGv1,40.0,527.0
9,0.6021176129579544,0.6113106310367584,0.4277280569076538,0.7245998978614807,0.0048119519046345,48,20240708,P0009,full,T1,ADC_fix,1,CGv1,40.0,527.0
10,0.3473734922707081,0.3497254550457001,0.283675342798233,0.3799462020397186,0.0003907086453569,40,20240708,P0009,full,T1,ADC_fix,1,CGv1,50.0,315.0
11,2.7901709808243647,2.7610816955566406,2.1000354290008545,3.400960683822632,0.1144619541624612,36,20240708,P0009,full,T1,ADC_fix,1,CGv1,0.0,2067.0
12,2.033965512325889,2.005486488342285,1.651464343070984,2.451237916946411,0.0462650315210478,38,20240708,P0009,full,T1,ADC_fix,1,CGv1,10.0,1591.0
13,1.4865231747212615,1.4879615902900696,1.1570247411727903,1.90584659576416,0.0226661397669629,46,20240708,P0009,full,T1,ADC_fix,1,CGv1,20.0,1211.0
14,1.0369040689817288,1.05927574634552,0.7958515882492065,1.1878175735473633,0.0101981008331879,41,20240708,P0009,full,T1,ADC_fix,1,CGv1,30.0,876.0
1,0.8927963100920648,0.8578324816375971,0.387416584379971,1.6409655816853046,0.062346858272873,47,20240708,P0009,full,T2,T1mimics_fix,1,online,0.29,
2,0.9561290289858978,0.9325318632274866,0.4344495283439755,2.273316596671939,0.0869796434108989,45,20240708,P0009,full,T2,T1mimics_fix,1,online,0.6,
3,0.8120421145960341,0.7665332374721766,0.5243654506281018,1.4957167841494083,0.0427250664046989,43,20240708,P0009,full,T2,T1mimics_fix,1,online,1.04,
4,0.5327678502033705,0.519523824043572,0.354216859228909,0.9145486787706614,0.0096056820450669,54,20240708,P0009,full,T2,T1mimics_fix,1,online,1.64,
5,0.4240028728069142,0.4206163095310331,0.3196338121965527,0.581168105378747,0.0035083571323983,47,20240708,P0009,full,T2,T1mimics_fix,1,online,2.52,
6,0.3388646987423885,0.3334670310094952,0.2975006620958447,0.3970998375490308,0.0005208129019758,51,20240708,P0009,full,T2,T1mimics_fix,1,online,3.68,
7,0.250157176485019,0.2518510400131344,0.2200346367433667,0.2726008682325482,0.0001488893907228,49,20240708,P0009,full,T2,T1mimics_fix,1,online,5.43,
8,0.1914976603473569,0.1916765381768345,0.1673819476366043,0.2103513835743069,9.685842657851147e-05,58,20240708,P0009,full,T2,T1mimics_fix,1,online,7.74,
9,0.1365579274555911,0.1355655443668365,0.1244989693164825,0.1563153725862503,4.464988519020632e-05,46,20240708,P0009,full,T2,T1mimics_fix,1,online,11.3,
10,0.0942452074311397,0.0933742269873619,0.0788493472337722,0.1065157848596572,5.046507940202169e-05,54,20240708,P0009,full,T2,T1mimics_fix,1,online,16.5,
11,0.0713179281022813,0.071932737827301,0.05533287525177,0.0871492785215377,5.09342869776377e-05,54,20240708,P0009,full,T2,T1mimics_fix,1,online,23.3,
12,0.052706908290669,0.0525662314891815,0.027666437625885,0.0733160597085952,8.301009705116239e-05,59,20240708,P0009,full,T2,T1mimics_fix,1,online,32.7,
13,0.0333095126019583,0.0318164032697677,0.0193665063381195,0.0525662314891815,5.037887163366891e-05,63,20240708,P0009,full,T2,T1mimics_fix,1,online,46.0,
14,0.0339039617451754,0.0304330813884735,0.0124498969316482,0.1009824973344802,0.0002753378271718,55,20240708,P0009,full,T2,T1mimics_fix,1,online,65.3,
1,0.597226862520108,0.5659083358757198,0.3804999749734998,1.0156176337227223,0.0237192004283607,58,20240708,P0009,full,T2,T2mimics_fix,1,online,0.0113,
2,0.7083244229789893,0.6904505340009928,0.5036156224086881,1.1982161220535636,0.0197085125032892,53,20240708,P0009,full,T2,T2mimics_fix,1,online,0.0181,
3,0.5029896692574024,0.4973906739428639,0.3957165156677365,0.7056670746952295,0.0032385001305956,50,20240708,P0009,full,T2,T2mimics_fix,1,online,0.0282,
4,0.349784582997007,0.3403836404159665,0.2781341557577252,0.4676492534950375,0.001816258650981,49,20240708,P0009,full,T2,T2mimics_fix,1,online,0.0434,
5,0.2667531893707134,0.2684509025886655,0.2255679242685437,0.2975006620958447,0.0002841546839197,44,20240708,P0009,full,T2,T2mimics_fix,1,online,0.0673,
6,0.2286733407367553,0.2269512461498379,0.2145013492181897,0.2546176837757229,9.142462443178064e-05,49,20240708,P0009,full,T2,T2mimics_fix,1,online,0.0934,
7,0.1817707366958536,0.182598488330841,0.1618486601114273,0.2075847398117184,8.327907685295828e-05,54,20240708,P0009,full,T2,T2mimics_fix,1,online,0.1353,
8,0.1308935704658616,0.1286489349603653,0.116199038028717,0.154932050704956,8.01700538691863e-05,53,20240708,P0009,full,T2,T2mimics_fix,1,online,0.193,
9,0.1019831982698846,0.1009824973344802,0.071932737827301,0.1410988318920135,0.0002208109533773,47,20240708,P0009,full,T2,T2mimics_fix,1,online,0.2768,
10,0.0809725854701774,0.0746993815898895,0.0470329439640045,0.149398763179779,0.0006090833278371,43,20240708,P0009,full,T2,T2mimics_fix,1,online,0.4276,
11,0.0523644970481594,0.0511829096078872,0.0235164719820022,0.0899159222841262,0.0001782809860937,48,20240708,P0009,full,T2,T2mimics_fix,1,online,0.5555,
12,0.0413786157742142,0.0345830470323562,0.022133150100708,0.2338678555563092,0.0009359969456194,45,20240708,P0009,full,T2,T2mimics_fix,1,online,0.7902,
13,0.0437990611617235,0.027666437625885,0.0124498969316482,0.4676492534950375,0.0049462423246522,47,20240708,P0009,full,T2,T2mimics_fix,1,online,1.1274,
14,0.1231982624919878,0.0539495533704757,0.0,0.4856324379518628,0.0176205001431542,45,20240708,P0009,full,T2,T2mimics_fix,1,online,1.5996,
1,1.4930071238165892,0.9893345179781318,0.5936180023103953,5.6659999681636695,1.1557062050400757,44,20240708,P0009,full,T2,ADC_fix,1,online,0.0,2067.0
2,0.303223817330219,0.3030339496210217,0.2587676494196057,0.3749666874483228,0.0006494177994014,51,20240708,P0009,full,T2,ADC_fix,1,online,50.0,315.0
3,0.8273385597034184,0.8045745892077685,0.6185177961736917,1.1138334872946145,0.0169324558506367,54,20240708,P0009,full,T2,ADC_fix,1,online,0.0,2067.0
4,1.5675489488297276,1.3297181583940982,0.0,4.224232737384737,0.5028629647497666,49,20240708,P0009,full,T2,ADC_fix,1,online,0.0,2067.0
5,1.760808554007946,1.439000587016344,0.9103987131267788,4.867650327421725,1.0823409557142505,34,20240708,P0009,full,T2,ADC_fix,1,online,10.0,1591.0
6,1.4126938919215042,1.325524963941425,0.8329326877743006,2.6856329749152064,0.1439448670172701,44,20240708,P0009,full,T2,ADC_fix,1,online,20.0,1211.0
7,1.0214697337127292,0.9872595351561904,0.6987504652887583,1.7724676180258394,0.0499177899616763,48,20240708,P0009,full,T2,ADC_fix,1,online,30.0,876.0
8,0.5297294253188496,0.4994656567648053,0.31548384655267,0.7941996750980616,0.0149449148477834,48,20240708,P0009,full,T2,ADC_fix,1,online,40.0,527.0
9,0.5987443064162281,0.5784014616161585,0.459349322207272,1.0045510586723685,0.0127334662571375,41,20240708,P0009,full,T2,ADC_fix,1,online,40.0,527.0
10,0.3339857767149806,0.3334670310094952,0.2864340870454907,0.404016446955502,0.0008715098504704,40,20240708,P0009,full,T2,ADC_fix,1,online,50.0,315.0
11,2.18786353426675,1.8769084200635553,0.0,5.394782421812415,1.0968428011213118,42,20240708,P0009,full,T2,ADC_fix,1,online,0.0,2067.0
12,1.8159031732931084,1.6589487661421298,0.0,5.249533624276519,0.7082509530586154,46,20240708,P0009,full,T2,ADC_fix,1,online,10.0,1591.0
13,1.4162605709460778,1.2839820786938072,0.9200819662958384,2.534850889854133,0.1570444501942232,52,20240708,P0009,full,T2,ADC_fix,1,online,20.0,1211.0
14,0.9923841139437124,0.9644347241148352,0.7319501904398203,1.5233832217752934,0.0334833994429148,44,20240708,P0009,full,T2,ADC_fix,1,online,30.0,876.0
1,0.6333980011093919,0.5955770039876912,0.4473147966747531,1.0043521165174736,0.0180894080064151,61,230224,P0004,full,R1,T1mimics_fix,1,CGv1,0.29,
2,0.7567817209431379,0.6942305085407833,0.6277729117511649,1.36163515530005,0.0234399739516143,49,230224,P0004,full,R1,T1mimics_fix,1,CGv1,0.6,
3,1.0117461890076227,0.9816758070808131,0.810852181766969,1.3567001582459532,0.0204050394557992,58,230224,P0004,full,R1,T1mimics_fix,1,CGv1,1.04,
4,1.4128321438922964,1.3483046066519564,1.1939105864496984,2.248339932506447,0.0492512796650452,56,230224,P0004,full,R1,T1mimics_fix,1,CGv1,1.64,
5,1.960437717904012,1.9102130582564785,1.7595343151444065,2.4432930161923423,0.0307009538702883,61,230224,P0004,full,R1,T1mimics_fix,1,CGv1,2.52,
6,2.669062696375264,2.609592044369804,2.4271440822831325,3.4786514691965924,0.0375148745754925,49,230224,P0004,full,R1,T1mimics_fix,1,CGv1,3.68,
7,3.6051808068887574,3.5809507059464103,3.490041174966095,3.8083414474530217,0.0058715449512007,37,230224,P0004,full,R1,T1mimics_fix,1,CGv1,5.43,
8,4.981498910729096,5.004103344722938,4.7596474921708465,5.166559422752123,0.0097921417081234,39,230224,P0004,full,R1,T1mimics_fix,1,CGv1,7.74,
9,7.114592566082209,7.100912314184098,7.014750667959608,7.287235297094243,0.0044333490336492,40,230224,P0004,full,R1,T1mimics_fix,1,CGv1,11.3,
10,10.172683018023816,10.261605015407085,9.266664415896486,10.655324505454216,0.1181624862669129,40,230224,P0004,full,R1,T1mimics_fix,1,CGv1,16.5,
11,14.36188018702864,14.463189248053569,11.748241650943871,15.254051307987146,0.5170716189643164,40,230224,P0004,full,R1,T1mimics_fix,1,CGv1,23.3,
12,19.914659659434108,20.2176934299152,16.44437869195385,22.004830750361528,1.5745493996060929,40,230224,P0004,full,R1,T1mimics_fix,1,CGv1,32.7,
13,28.671877328510412,29.482212539387284,21.09971229107343,33.68664365468372,10.695825013950742,40,230224,P0004,full,R1,T1mimics_fix,1,CGv1,46.0,
14,60.67606660419185,40.944901021206235,27.30234512847698,889.9577595272309,17664.50218809143,40,230224,P0004,full,R1,T1mimics_fix,1,CGv1,65.3,
1,0.7035247174429279,0.6813823946434707,0.5654320138853782,1.04290222083035,0.0122714774311327,42,230224,P0004,full,R1,T2mimics_fix,1,CGv1,0.0113,
2,0.6773565840649569,0.6562059800579496,0.5374726061328945,0.9349297911706806,0.0090946790951029,48,230224,P0004,full,R1,T2mimics_fix,1,CGv1,0.0181,
3,1.0207357349613695,0.9842713388241088,0.8977349780483963,1.2797716227855152,0.0108785564615334,37,230224,P0004,full,R1,T2mimics_fix,1,CGv1,0.0282,
4,1.3270424030796943,1.301946204868302,1.2063982217701992,1.584168527602438,0.0074957640198984,37,230224,P0004,full,R1,T2mimics_fix,1,CGv1,0.0434,
5,1.921714264002978,1.9113797810803368,1.7376239259355235,2.187479880124986,0.0133472736856428,38,230224,P0004,full,R1,T2mimics_fix,1,CGv1,0.0673,
6,2.259042297344295,2.2261605057380915,2.0977792359915615,2.716845203110186,0.0182713513933399,41,230224,P0004,full,R1,T2mimics_fix,1,CGv1,0.0934,
7,3.010444179064619,2.973076207955379,2.825114416755338,3.6442417019738538,0.032537654528626,42,230224,P0004,full,R1,T2mimics_fix,1,CGv1,0.1353,
8,4.114663244804401,4.101033929037285,3.825732456886954,4.474063559178809,0.0258976572077168,43,230224,P0004,full,R1,T2mimics_fix,1,CGv1,0.193,
9,6.0667439947240736,6.0736799134367505,5.859144855948682,6.258709065078899,0.0080239723447487,42,230224,P0004,full,R1,T2mimics_fix,1,CGv1,0.2768,
10,9.23612591625179,9.283123830379004,8.730188634327433,9.677559765819566,0.0528003697065012,38,230224,P0004,full,R1,T2mimics_fix,1,CGv1,0.4276,
11,12.197122665515368,12.212861381815967,10.634327368992606,13.726992477742607,0.3306731321060166,38,230224,P0004,full,R1,T2mimics_fix,1,CGv1,0.5555,
12,17.597792360177237,17.764495607904923,13.921511921287255,21.016885275255472,3.0013666453790475,43,230224,P0004,full,R1,T2mimics_fix,1,CGv1,0.7902,
13,23.343499351816767,23.646858389174607,17.775056572703953,28.188305351594785,5.465725796775154,38,230224,P0004,full,R1,T2mimics_fix,1,CGv1,1.1274,
14,33.17458115806013,34.568174388322134,18.54534546368501,42.93650347565395,33.70847322217108,40,230224,P0004,full,R1,T2mimics_fix,1,CGv1,1.5996,
1,0.4594919440569797,0.4215646382958437,0.3395342549366111,0.7510783657833928,0.0116118721068722,42,230224,P0004,full,R1,ADC_fix,1,CGv1,0.0,2067.0
2,3.473997444387122,3.3908813004712246,2.9706546059559824,4.2758432620464095,0.0956378648467636,43,230224,P0004,full,R1,ADC_fix,1,CGv1,50.0,315.0
3,0.4550536586543307,0.4261703028357614,0.3270861087302344,0.8393205798136218,0.0135333307284581,44,230224,P0004,full,R1,ADC_fix,1,CGv1,0.0,2067.0
4,0.4488694167920106,0.4197484270487039,0.3376353905113461,0.7945519735532255,0.0106292393456606,40,230224,P0004,full,R1,ADC_fix,1,CGv1,0.0,2067.0
5,0.6190093919688835,0.5856255882755739,0.4748819900755273,0.9157421121761732,0.01034318352367,40,230224,P0004,full,R1,ADC_fix,1,CGv1,10.0,1591.0
6,0.7914313760284977,0.7834956297692937,0.5950654996339988,1.0771512057620587,0.0113823927485117,39,230224,P0004,full,R1,ADC_fix,1,CGv1,20.0,1211.0
7,1.067428837263486,1.0704538990552088,0.8404566591043072,1.2819301522487356,0.0097253009191785,40,230224,P0004,full,R1,ADC_fix,1,CGv1,30.0,876.0
8,1.87508100136094,1.8680221705526512,1.508484158827481,2.290200125449533,0.0403943312222728,42,230224,P0004,full,R1,ADC_fix,1,CGv1,40.0,527.0
9,1.9184462258191293,1.8415359861047431,1.6339425600181536,2.665060587371664,0.0681027576568625,49,230224,P0004,full,R1,ADC_fix,1,CGv1,40.0,527.0
10,3.367390948905433,3.3242878594277903,2.849687501486228,4.426140246715162,0.0944330843141087,42,230224,P0004,full,R1,ADC_fix,1,CGv1,50.0,315.0
11,0.4178363881676145,0.3978316804533396,0.3226672880549212,0.6658098861633335,0.0053422119868343,45,230224,P0004,full,R1,ADC_fix,1,CGv1,0.0,2067.0
12,0.5914377992505732,0.5492156342809719,0.4300981237637113,0.9610170186665286,0.0147304823682919,52,230224,P0004,full,R1,ADC_fix,1,CGv1,10.0,1591.0
13,0.8454194266300962,0.7894363971790956,0.6520385766193177,1.2834013975332268,0.0228405753381447,62,230224,P0004,full,R1,ADC_fix,1,CGv1,20.0,1211.0
14,1.144546831126657,1.08279558899914,0.9488041443946288,1.512548300489902,0.0245228073207153,51,230224,P0004,full,R1,ADC_fix,1,CGv1,30.0,876.0
1,1.103865269018718,1.063831525840064,0.5057659195116896,1.829830851655249,0.0874541299113071,42,230224,P0004,full,R2,T1mimics_fix,1,online,0.29,
2,1.182356186423552,1.1877624839940883,0.7085494249762821,1.6313625970822043,0.055373303060712,54,230224,P0004,full,R2,T1mimics_fix,1,online,0.6,
3,1.3435973550208586,1.3273408941067952,0.6916025360746729,2.2944576102584464,0.087343889694303,58,230224,P0004,full,R2,T1mimics_fix,1,online,1.04,
4,1.788140092665193,1.7758883484281942,1.2025744243411134,2.657101036828125,0.0893740631845515,47,230224,P0004,full,R2,T1mimics_fix,1,online,1.64,
5,2.3874093667930003,2.320382260763501,1.649980144552472,3.408889128592051,0.125089911919252,54,230224,P0004,full,R2,T1mimics_fix,1,online,2.52,
6,2.9712334473035527,2.961936187788176,2.5270615716217675,3.4413450798312493,0.0342150957121178,49,230224,P0004,full,R2,T1mimics_fix,1,online,3.68,
7,3.858808276626123,3.823590351508374,3.4578059232624305,4.3531655300387015,0.033809203842802,50,230224,P0004,full,R2,T1mimics_fix,1,online,5.43,
8,5.32699489701086,5.335109920356373,4.817309793133207,6.074769334723124,0.0640638182127416,58,230224,P0004,full,R2,T1mimics_fix,1,online,7.74,
9,7.121379674014986,7.087230890510312,6.571795916655017,7.609447903495283,0.0779455571488336,39,230224,P0004,full,R2,T1mimics_fix,1,online,11.3,
10,10.08117783615048,10.040243761556274,8.504677068612374,11.850779521836916,0.5001456239379336,44,230224,P0004,full,R2,T1mimics_fix,1,online,16.5,
11,13.3507275210483,13.143591833310031,10.476776099015243,16.06439001849004,1.4494765986879412,44,230224,P0004,full,R2,T1mimics_fix,1,online,23.3,
12,18.751012163164575,18.072438770801295,15.060365642334414,25.81776967257328,6.875211143605543,40,230224,P0004,full,R2,T1mimics_fix,1,online,32.7,
13,27.451069989295053,26.77398336415007,20.08048752311255,36.14487754160259,22.87894301635415,40,230224,P0004,full,R2,T1mimics_fix,1,online,46.0,
14,39.49947062625388,36.14487754160259,17.211846448382186,80.3219500924502,163.13918369221065,40,230224,P0004,full,R2,T1mimics_fix,1,online,65.3,
1,1.7285490156490868,1.6984400550892356,1.0222148310484165,2.4417058926140656,0.1366924031748239,46,230224,P0004,full,R2,T2mimics_fix,1,online,0.0113,
2,1.450854211809954,1.477940303260009,0.9597843177589268,1.9694127044632777,0.0459019694026926,49,230224,P0004,full,R2,T2mimics_fix,1,online,0.0181,
3,2.192316624476472,2.176992436159012,1.7247779321969623,2.7797069967106056,0.0525837057180463,45,230224,P0004,full,R2,T2mimics_fix,1,online,0.0282,
4,3.0038131577673823,2.9498497356064344,2.4172122911834544,3.6315104594388785,0.1166661283758741,47,230224,P0004,full,R2,T2mimics_fix,1,online,0.0434,
5,3.922091007888659,3.9062346549519855,3.284964729711113,4.544739022912703,0.0908873411176043,41,230224,P0004,full,R2,T2mimics_fix,1,online,0.0673,
6,4.396006170273289,4.379538361723903,3.9925304844020815,4.949234408777419,0.045006550802801,38,230224,P0004,full,R2,T2mimics_fix,1,online,0.0934,
7,5.5307444353724495,5.560750391015783,5.053019140809449,5.877215860423186,0.0492858519150618,53,230224,P0004,full,R2,T2mimics_fix,1,online,0.1353,
8,7.572950786601451,7.609447903495283,6.693495841037517,8.405785474791301,0.1703747067446313,50,230224,P0004,full,R2,T2mimics_fix,1,online,0.193,
9,10.470841324590864,10.476776099015243,8.03219500924502,12.682413172492137,0.7342819689356166,46,230224,P0004,full,R2,T2mimics_fix,1,online,0.2768,
10,15.111440646508177,15.715164148522865,7.376505620735223,27.803751955078916,20.05967639645398,50,230224,P0004,full,R2,T2mimics_fix,1,online,0.4276,
11,20.36328460083404,20.08048752311255,8.504677068612374,36.14487754160259,35.225865662312906,56,230224,P0004,full,R2,T2mimics_fix,1,online,0.5555,
12,29.635834222247453,28.915902033282073,11.29527423175081,51.63553934514656,74.26564878357713,45,230224,P0004,full,R2,T2mimics_fix,1,online,0.7902,
13,90071992547448.69,37.096058529539505,12.90888483628664,4503599627370496.0,3.9753522823156576e+29,50,230224,P0004,full,R2,T2mimics_fix,1,online,1.1274,
14,11.453441576400817,5.09085838216965,1.493204339441367,45.18109692700324,169.595634942753,50,230224,P0004,full,R2,T2mimics_fix,1,online,1.5996,
1,0.7495876654224325,0.6541013233978097,0.2076210453124778,2.2728160372003985,0.1311344237193063,50,230224,P0004,full,R2,ADC_fix,1,online,0.0,2067.0
2,3.632547596449696,3.668366892899724,2.544853864315254,4.301361403240175,0.120672053819645,57,230224,P0004,full,R2,ADC_fix,1,online,50.0,315.0
3,155296538874845.3,0.6523304565687442,0.2053795623579528,4503599627370496.0,6.752764196221719e+29,58,230224,P0004,full,R2,ADC_fix,1,online,0.0,2067.0
4,112589990684263.16,0.7684885345982315,0.1952787576112245,4503599627370496.0,4.943837340890093e+29,40,230224,P0004,full,R2,ADC_fix,1,online,0.0,2067.0
5,0.9592724912972715,0.8826439547185236,0.1858886055304044,1.9171822995711636,0.1564998183850367,50,230224,P0004,full,R2,ADC_fix,1,online,10.0,1591.0
6,0.8671959181970283,0.911395971443174,0.4197097326842596,1.272426932157627,0.0358612842693044,44,230224,P0004,full,R2,ADC_fix,1,online,20.0,1211.0
7,1.0720157342059276,1.0621090041575534,0.8021610939255724,1.3534239191800643,0.0203934579267642,50,230224,P0004,full,R2,ADC_fix,1,online,30.0,876.0
8,2.136590242725012,2.107206975910779,1.374003422821671,3.1558965384209627,0.1476060633302247,56,230224,P0004,full,R2,ADC_fix,1,online,40.0,527.0
9,1.8623900467182053,1.89707076714123,1.2679632551318605,2.2656926176910535,0.0521364909237921,40,230224,P0004,full,R2,ADC_fix,1,online,40.0,527.0
10,3.4707049431744763,3.4413450798312493,2.7797069967106056,4.105914381722694,0.0637825593388926,40,230224,P0004,full,R2,ADC_fix,1,online,50.0,315.0
11,112589990684262.95,0.5381753048014946,0.2570188172372967,4503599627370496.0,4.943837340890093e+29,40,230224,P0004,full,R2,ADC_fix,1,online,0.0,2067.0
12,225179981368525.4,0.6427470062908087,0.3003859450282516,4503599627370496.0,9.63414456173454e+29,40,230224,P0004,full,R2,ADC_fix,1,online,10.0,1591.0
13,0.8424304102934786,0.8824567645771594,0.3611891706995856,1.143599052136922,0.0289603077622256,41,230224,P0004,full,R2,ADC_fix,1,online,20.0,1211.0
14,1.0893734513656046,1.0844195926899474,0.7127409917003222,1.5376709403500173,0.0379650838071596,40,230224,P0004,full,R2,ADC_fix,1,online,30.0,876.0
1,1.643144013451748,1.6790440082550049,0.9956667423248292,2.2355620861053467,0.0967307064745825,61,230224,P0004,full,T1,T1mimics_fix,1,CGv1,0.29,
2,1.3608598696942231,1.440443754196167,0.7344111204147339,1.5929327011108398,0.0402762201016797,49,230224,P0004,full,T1,T1mimics_fix,1,CGv1,0.6,
3,1.0066985899004444,1.0186679363250732,0.7370825409889221,1.2332704067230225,0.0171274376716813,58,230224,P0004,full,T1,T1mimics_fix,1,CGv1,1.04,
4,0.7216364262359483,0.7416789829730988,0.4447726011276245,0.8375836610794067,0.0080142566695937,56,230224,P0004,full,T1,T1mimics_fix,1,CGv1,1.64,
5,0.5139016763108676,0.5235018134117126,0.409283697605133,0.5683321952819824,0.0018313646917074,61,230224,P0004,full,T1,T1mimics_fix,1,CGv1,2.52,
6,0.3763904753996401,0.3832016587257385,0.2874677181243896,0.4120068550109863,0.0005750184589194,49,230224,P0004,full,T1,T1mimics_fix,1,CGv1,3.68,
7,0.2775020430216918,0.2792554497718811,0.2625814974308014,0.2865295708179474,3.3751840114591734e-05,37,230224,P0004,full,T1,T1mimics_fix,1,CGv1,5.43,
8,0.2008228703187062,0.1998360008001327,0.1935524046421051,0.2100995928049087,1.6260065821226426e-05,39,230224,P0004,full,T1,T1mimics_fix,1,CGv1,7.74,
9,0.1405683774501085,0.140826977789402,0.13722625374794,0.1425567418336868,1.6970662971037275e-06,40,230224,P0004,full,T1,T1mimics_fix,1,CGv1,11.3,
10,0.0984183933585882,0.0974506437778472,0.0938497930765152,0.1079136952757835,1.1782521669910643e-05,40,230224,P0004,full,T1,T1mimics_fix,1,CGv1,16.5,
11,0.069819863140583,0.0691410601139068,0.0655563548207283,0.0851191207766532,1.4685306456834745e-05,40,230224,P0004,full,T1,T1mimics_fix,1,CGv1,23.3,
12,0.0504279936663806,0.0494619905948638,0.0454445667564868,0.0608110539615154,1.158494997570008e-05,40,230224,P0004,full,T1,T1mimics_fix,1,CGv1,32.7,
13,0.0353915733285248,0.0339189227670431,0.0296853557229042,0.047394011169672,2.067592288149257e-05,40,230224,P0004,full,T1,T1mimics_fix,1,CGv1,46.0,
14,0.0253464217938017,0.0244230655953288,0.0011236488353461,0.0366268903017044,3.225365757003494e-05,40,230224,P0004,full,T1,T1mimics_fix,1,CGv1,65.3,
1,1.451438232546761,1.4676172733306885,0.9588626623153688,1.768559217453003,0.0377431015949278,42,230224,P0004,full,T1,T2mimics_fix,1,CGv1,0.0113,
2,1.5030913477142651,1.5240545272827148,1.0695990324020386,1.8605599403381348,0.0370718471101686,48,230224,P0004,full,T1,T2mimics_fix,1,CGv1,0.0181,
3,0.9889316478291074,1.0159800052642822,0.7813894152641296,1.1139144897460938,0.0082614290851247,37,230224,P0004,full,T1,T2mimics_fix,1,CGv1,0.0282,
4,0.7565996969068373,0.7680808901786804,0.6312459707260132,0.828913688659668,0.0021904726374122,37,230224,P0004,full,T1,T2mimics_fix,1,CGv1,0.0434,
5,0.5221907927801734,0.5231823623180389,0.4571470618247986,0.5754985213279724,0.0009225667349432,38,230224,P0004,full,T1,T2mimics_fix,1,CGv1,0.0673,
6,0.4441193167756243,0.4492039084434509,0.368073970079422,0.4766945838928222,0.0005945330614552,41,230224,P0004,full,T1,T2mimics_fix,1,CGv1,0.0934,
7,0.3332479617425373,0.3363519757986069,0.2744055092334747,0.3539679646492004,0.0003216692709737,42,230224,P0004,full,T1,T2mimics_fix,1,CGv1,0.1353,
8,0.2434005363042964,0.2438409477472305,0.2235104590654373,0.2613878548145294,8.83684990102454e-05,43,230224,P0004,full,T1,T2mimics_fix,1,CGv1,0.193,
9,0.1648691583956991,0.1646448969841003,0.159777358174324,0.1706733703613281,5.977994919308107e-06,42,230224,P0004,full,T1,T2mimics_fix,1,CGv1,0.2768,
10,0.1083380377998477,0.1077224016189575,0.103331834077835,0.1145450621843338,7.376345754165253e-06,38,230224,P0004,full,T1,T2mimics_fix,1,CGv1,0.4276,
11,0.0821719557831161,0.0818809457123279,0.0728491693735122,0.0940350964665412,1.5564983140362054e-05,38,230224,P0004,full,T1,T2mimics_fix,1,CGv1,0.5555,
12,0.0573922503133152,0.0562920570373535,0.0475807897746562,0.0718312785029411,3.365527911573712e-05,43,230224,P0004,full,T1,T2mimics_fix,1,CGv1,0.7902,
13,0.0432955561891982,0.0422889254987239,0.035475704818964,0.0562586113810539,2.1197949532464507e-05,38,230224,P0004,full,T1,T2mimics_fix,1,CGv1,1.1274,
14,0.0313038359396159,0.0289284754544496,0.0232902057468891,0.0539218857884407,4.636320022687306e-05,40,230224,P0004,full,T1,T2mimics_fix,1,CGv1,1.5996,
1,2.276368802502042,2.372171401977539,1.3314189910888672,2.9452109336853027,0.1918717049035344,42,230224,P0004,full,T1,ADC_fix,1,CGv1,0.0,2067.0
2,0.2900138989437458,0.2949085831642151,0.2338719964027404,0.3366261422634125,0.0005953558558921,43,230224,P0004,full,T1,ADC_fix,1,CGv1,50.0,315.0
3,2.31328838521784,2.3464951515197754,1.191439867019653,3.0572988986968994,0.2206978182102975,44,230224,P0004,full,T1,ADC_fix,1,CGv1,0.0,2067.0
4,2.320558285713196,2.3841474056243896,1.258570909500122,2.9617748260498047,0.173244683523894,40,230224,P0004,full,T1,ADC_fix,1,CGv1,0.0,2067.0
5,1.653426605463028,1.707575798034668,1.092010498046875,2.1057863235473633,0.0553340630594906,40,230224,P0004,full,T1,ADC_fix,1,CGv1,10.0,1591.0
6,1.2860492651279156,1.2763313055038452,0.9283747673034668,1.6804872751235962,0.0288105786033624,39,230224,P0004,full,T1,ADC_fix,1,CGv1,20.0,1211.0
7,0.9450192958116532,0.9341833293437958,0.7800737023353577,1.1898293495178225,0.0079804208723987,40,230224,P0004,full,T1,ADC_fix,1,CGv1,30.0,876.0
8,0.5394712537527084,0.5353390276432037,0.4366430640220642,0.6629171371459961,0.0033536676967932,42,230224,P0004,full,T1,ADC_fix,1,CGv1,40.0,527.0
9,0.5295519226667832,0.5430249571800232,0.3752259910106659,0.6120166182518005,0.0038042013227942,49,230224,P0004,full,T1,ADC_fix,1,CGv1,40.0,527.0
10,0.2992006306137357,0.3008164763450622,0.2259304821491241,0.3509156703948974,0.0006097520331589,42,230224,P0004,full,T1,ADC_fix,1,CGv1,50.0,315.0
11,2.4580772002538045,2.5136258602142334,1.5019302368164062,3.099167585372925,0.1438932075093522,45,230224,P0004,full,T1,ADC_fix,1,CGv1,0.0,2067.0
12,1.7537662134720728,1.8207799196243288,1.0405642986297607,2.3250508308410645,0.0992023895287851,52,230224,P0004,full,T1,ADC_fix,1,CGv1,10.0,1591.0
13,1.2165570557117462,1.2667336463928225,0.7791794538497925,1.53365159034729,0.0367348193064026,62,230224,P0004,full,T1,ADC_fix,1,CGv1,20.0,1211.0
14,0.8888607001772114,0.9235353469848632,0.6611359119415283,1.053958296775818,0.0124317974878897,51,230224,P0004,full,T1,ADC_fix,1,CGv1,30.0,876.0
1,0.9787290502215426,0.9401833623833956,0.5464986007288098,1.9771992564573884,0.0853202062537977,42,230224,P0004,full,T2,T1mimics_fix,1,online,0.29,
2,0.8823031895469737,0.8419242800027132,0.6129845086485147,1.411334149390459,0.035902529309283,54,230224,P0004,full,T2,T1mimics_fix,1,online,0.6,
3,0.783566878784191,0.7533916795998812,0.4358328502252698,1.4459171964228152,0.0365925706764356,58,230224,P0004,full,T2,T1mimics_fix,1,online,1.04,
4,0.5748548597715637,0.5630984633043409,0.376350009329617,0.8315493658930063,0.00911395242019,47,230224,P0004,full,T2,T1mimics_fix,1,online,1.64,
5,0.4277394565795031,0.4309912236407399,0.293350696451962,0.6060678992420435,0.0037504358410288,54,230224,P0004,full,T2,T1mimics_fix,1,online,2.52,
6,0.3378710761825952,0.337616996653378,0.2905840526893735,0.3957165156677365,0.0004472053452355,49,230224,P0004,full,T2,T1mimics_fix,1,online,3.68,
7,0.2597359747365117,0.2615342931821942,0.2297178899124264,0.2892007308080792,0.0001532585763298,50,230224,P0004,full,T2,T1mimics_fix,1,online,5.43,
8,0.1881451916932289,0.1874401149153709,0.1646153038740158,0.2075847398117184,7.924750035770822e-05,58,230224,P0004,full,T2,T1mimics_fix,1,online,7.74,
9,0.1406377245982488,0.1410988318920135,0.1314155787229537,0.1521654069423675,3.0257452482434346e-05,39,230224,P0004,full,T2,T1mimics_fix,1,online,11.3,
10,0.0996934928541833,0.099599175453186,0.0843826347589492,0.1175823599100113,5.1005392141158545e-05,44,230224,P0004,full,T2,T1mimics_fix,1,online,16.5,
11,0.0755167990651997,0.0760827034711837,0.0622494846582412,0.0954492098093032,4.725829523580167e-05,44,230224,P0004,full,T2,T1mimics_fix,1,online,23.3,
12,0.0543299668878316,0.05533287525177,0.038733012676239,0.066399450302124,5.23352013486231e-05,40,230224,P0004,full,T2,T1mimics_fix,1,online,32.7,
13,0.0375226060301065,0.0373496907949447,0.027666437625885,0.049799587726593,4.039446572247414e-05,40,230224,P0004,full,T2,T1mimics_fix,1,online,46.0,
14,0.0279431020021438,0.027666437625885,0.0124498969316482,0.0580995190143585,8.239873013813702e-05,40,230224,P0004,full,T2,T1mimics_fix,1,online,65.3,
1,0.6069963788743253,0.5887763757258654,0.409549734480679,0.9782679429277776,0.0187950567022201,46,230224,P0004,full,T2,T2mimics_fix,1,online,0.0113,
2,0.7057235368128333,0.6766173151880502,0.5077655880525709,1.0419007494673134,0.0129412226677056,49,230224,P0004,full,T2,T2mimics_fix,1,online,0.0181,
3,0.4611956726627216,0.459349322207272,0.359750146754086,0.5797847834974528,0.0023749099247764,45,230224,P0004,full,T2,T2mimics_fix,1,online,0.0282,
4,0.3372343757074881,0.3390003185346723,0.2753675119951367,0.4136997001245618,0.0014674061641023,47,230224,P0004,full,T2,T2mimics_fix,1,online,0.0434,
5,0.2564733594701421,0.2560010056570172,0.2200346367433667,0.304417271502316,0.0003885602142932,41,230224,P0004,full,T2,T2mimics_fix,1,online,0.0673,
6,0.2280069391645099,0.2283345680311322,0.2020514522865414,0.2504677181318402,0.0001199949470634,38,230224,P0004,full,T2,T2mimics_fix,1,online,0.0934,
7,0.1811026084191113,0.1798318445682525,0.1701485913991928,0.1979014866426587,5.4142277248063785e-05,53,230224,P0004,full,T2,T2mimics_fix,1,online,0.1353,
8,0.1324392369151115,0.1314155787229537,0.1189656817913055,0.149398763179779,5.149901497839289e-05,50,230224,P0004,full,T2,T2mimics_fix,1,online,0.193,
9,0.0961709429647611,0.0954492098093032,0.0788493472337722,0.1244989693164825,6.778556689520797e-05,46,230224,P0004,full,T2,T2mimics_fix,1,online,0.2768,
10,0.0728457302689552,0.0636328065395355,0.0359663689136505,0.1355655443668365,0.0005767995307164,50,230224,P0004,full,T2,T2mimics_fix,1,online,0.4276,
11,0.0538013403117656,0.049799587726593,0.027666437625885,0.1175823599100113,0.0003113447425546,56,230224,P0004,full,T2,T2mimics_fix,1,online,0.5555,
12,0.0373496907949447,0.0345830470323562,0.0193665063381195,0.088532600402832,0.0001899121271594,45,230224,P0004,full,T2,T2mimics_fix,1,online,0.7902,
13,0.0280814341902732,0.0269747766852378,0.0,0.077466025352478,0.0001549425262258,50,230224,P0004,full,T2,T2mimics_fix,1,online,1.1274,
14,0.2121669935435057,0.1965181647613644,0.022133150100708,0.669700705781579,0.02434168112462,50,230224,P0004,full,T2,T2mimics_fix,1,online,1.5996,
1,1.659256555260718,1.5289165093004704,0.4399828158691525,4.816467417813838,0.7434856712115101,50,230224,P0004,full,T2,ADC_fix,1,online,0.0,2067.0
2,0.2780370805379852,0.2726008682325482,0.2324845336750149,0.392949871905148,0.0008470684028721,57,230224,P0004,full,T2,ADC_fix,1,online,50.0,315.0
3,1.7460294748290344,1.533066474944353,0.0,4.869033649303019,0.9975246129098784,58,230224,P0004,full,T2,ADC_fix,1,online,0.0,2067.0
4,1.546871595031582,1.3012736022099851,0.0,5.120884689316154,0.9092516407764096,40,230224,P0004,full,T2,ADC_fix,1,online,0.0,2067.0
5,1.2839544122561817,1.133891654573381,0.5215988068655133,5.379565881118179,0.5788752254353786,50,230224,P0004,full,T2,ADC_fix,1,online,10.0,1591.0
6,1.2221668470693243,1.0972336247190833,0.785899743810296,2.382599025294185,0.1084991083466315,44,230224,P0004,full,T2,ADC_fix,1,online,20.0,1211.0
7,0.950058551463485,0.9415234554558992,0.7388667998462916,1.2466323878988623,0.0171433380103654,50,230224,P0004,full,T2,ADC_fix,1,online,30.0,876.0
8,0.4832548534683883,0.4745658629015088,0.3168671684339643,0.7278002247959375,0.0075821054470249,56,230224,P0004,full,T2,ADC_fix,1,online,40.0,527.0
9,0.5459042046079412,0.5271320943906903,0.4413661377504468,0.7886663875728845,0.0055051905529844,40,230224,P0004,full,T2,ADC_fix,1,online,40.0,527.0
10,0.2896848934665322,0.2905840526893735,0.2435511087253689,0.359750146754086,0.0004657221770597,40,230224,P0004,full,T2,ADC_fix,1,online,50.0,315.0
11,2.0580219988124444,1.858233574666083,0.0,3.8907657063752414,0.5999398969079988,40,230224,P0004,full,T2,ADC_fix,1,online,0.0,2067.0
12,1.5287479169461875,1.5558912859857084,0.0,3.329050564952195,0.3506925541837142,40,230224,P0004,full,T2,ADC_fix,1,online,10.0,1591.0
13,1.2533718646254115,1.133199993632734,0.8744323442131281,2.7686322877928613,0.1218331375838426,41,230224,P0004,full,T2,ADC_fix,1,online,20.0,1211.0
14,0.9494862020350994,0.9221569491177796,0.6503341994434595,1.4030342181026936,0.0326986460635882,40,230224,P0004,full,T2,ADC_fix,1,online,30.0,876.0
